id_noticia,fuente,url,categoria_busqueda
N001,BioBioChile,https://www.biobiochile.cl/noticias/nacional/region-metropolitana/2026/09/01/investigan-asesinato-en-san-ramon-hombre-muere-tras-ataque-a-tiros-en-poblacion-la-bandera.shtml,homicidio
N002,Cooperativa,https://www.cooperativa.cl/noticias/pais/policial/drogas/pdi-desbarato-red-de-narcotrafico-en-los-rios-12-detenidos-y-150-kilos/2026-08-21/123148.html,trafico_drogas
N003,LaTercera,https://www.latercera.com/nacional/noticia/pdi-detuvo-a-dos-colombianos-por-el-crimen-el-presunto-ajuste-de-cuentas-narco-detras-de-horroroso-homicidio-en-curacavi/,homicidio
N004,Cooperativa,https://www.cooperativa.cl/noticias/pais/policial/drogas/cayo-narcobanda-en-maipu-y-recoleta-ocultaban-la-mercancia-en-la-rueda/2026-08-30/133248.html,trafico_drogas
N005,BioBioChile,https://www.biobiochile.cl/noticias/nacional/region-metropolitana/2026/09/27/tenia-16-anos-y-era-extranjero-lo-que-se-sabe-del-secuestro-con-homicidio-de-joven-en-buin.shtml,secuestro_homicidio
N006,BioBioChile,https://www.biobiochile.cl/noticias/sociedad/viral/2026/09/27/llevo-una-semana-con-el-vehiculo-influencer-sufre-robo-de-todas-las-ruedas-de-su-auto-en-san-miguel.shtml,robo
N007,LaTercera,https://www.latercera.com/nacional/noticia/hombre-muere-baleado-en-recoleta-investigan-eventual-robo-de-su-automovil/,homicidio
N008,LaTercera,https://www.latercera.com/nacional/noticia/detienen-a-dos-imputados-por-robos-bajo-modalidad-amarrados-en-sectores-rurales-de-santiago/,robo
N009,PuraNoticia,https://puranoticia.pnt.cl/nacional/detienen-a-dos-sujetos-por-violentos-robos-bajo-modalidad-amarrados-en-la,robo
N010,LaTercera,https://www.latercera.com/nacional/noticia/detienen-a-dos-sujetos-por-robos-con-intimidacion-en-nunoa-y-macul-confiscaron-cuatro-vehiculos-sustraidos/,robo
N011,BioBioChile,https://www.biobiochile.cl/noticias/nacional/region-metropolitana/2026/09/23/acribillado-cuando-llegaba-a-su-casa-asi-fue-el-asesinato-de-el-poroto-lider-narco-en-lo-espejo.shtml,homicidio
N012,G5Noticias,https://g5noticias.cl/2026/09/26/copiapo-fiscalia-formaliza-causa-por-homicidio-frustrado-y-obtiene-prision-preventiva-de-detenidos/,homicidio
N013,BioBioChile,https://www.biobiochile.cl/noticias/nacional/region-metropolitana/2026/09/24/triple-homicidio-de-la-reina-ugalde-seguira-preso-y-tribunal-descarta-curioso-peritaje-sobre-perro.shtml,homicidio
N014,ElPais,https://elpais.com/chile/2026-09-23/maxima-alerta-en-lo-espejo-por-la-muerte-de-el-poroto-el-narco-que-amenazo-a-la-alcaldesa-javiera-reyes.html,homicidio
N015,BioBioChile,https://www.biobiochile.cl/noticias/nacional/region-metropolitana/2026/09/22/desbaratan-banda-narco-liderada-desde-la-carcel-de-puente-alto-e-incautan-media-tonelada-de-cocaina.shtml,trafico_drogas
N016,ElPais,https://elpais.com/chile/2026-09-27/secuestrado-y-asesinado-en-chile-un-joven-de-16-anos.html,secuestro_homicidio
N017,BioBioChile,https://www.biobiochile.cl/noticias/nacional/region-metropolitana/2026/09/26/detienen-a-dos-venezolanos-por-secuestro-en-providencia-adolescente-habria-entregado-a-victima.shtml,secuestro
N018,T13,https://www.t13.cl/noticia/nacional/tres-inspectores-municipales-puente-alto-detenidos-por-secuestro-23-9-2026,secuestro
